policy,seed,step,action,applied_force,target_score,end_y,q1,q2,q1_dot,q2_dot,reward,capture_drop,termination_reason
zero_action,0,0,0.0,0.0,0.9988823993292852,0.6662411948917544,1.6106804494796603,1.6018185034759445,-0.133822694505583,0.0040183443702084334,20.38301224985684,False,
zero_action,0,1,0.0,0.0,0.9989229604670304,0.6662582675396775,1.6093422225346043,1.6018586869196465,-0.12565609951183415,0.001578822132020128,12.00577205812752,False,
zero_action,0,2,0.0,0.0,0.9989610293054959,0.6662739821769477,1.608085661539486,1.6018744751409668,-0.11934863914979357,-0.0006044509529628968,8.576016666650418,False,
zero_action,0,3,0.0,0.0,0.9989971800446358,0.6662886388715659,1.606892175147988,1.6018684306314372,-0.11434882585065437,-0.002568900558563694,6.6966820852909335,False,
zero_action,0,4,0.0,0.0,0.9990317986678228,0.6663024424061772,1.6057486868894815,1.6018427416258516,-0.11027695387770703,-0.004342615352625784,5.507971927903645,False,
zero_action,0,5,0.0,0.0,0.9990651454269355,0.6663155343831998,1.6046459173507044,1.6017993154723253,-0.10687129071065743,-0.005947108578164991,4.687659778708748,False,
zero_action,0,6,0.0,0.0,0.9990973965224902,0.6663280142337313,1.6035772044435979,1.6017398443865436,-0.10395110955659635,-0.007399240059379851,4.087247685605594,False,
zero_action,0,7,0.0,0.0,0.9991286719874138,0.6663399530535977,1.602537693348032,1.60166585198595,-0.10139130686370636,-0.008712551681993624,3.6286754876989007,False,
zero_action,0,8,0.0,0.0,0.9991590543733696,0.6663514027631544,1.601523780279395,1.60157872646913,-0.09910498141409796,-0.009898195059949183,3.266950647489332,False,
zero_action,0,9,0.0,0.0,0.9991886012831154,0.666362402198696,1.600532730465254,1.6014797445185305,-0.09703148108146938,-0.010965576497596405,2.974303225067482,False,
zero_action,0,10,0.0,0.0,0.9992173537753026,0.6663729811804704,1.5995624156544392,1.6013700887535545,-0.09512820264469662,-0.011922806341943837,2.732660152240154,False,
zero_action,0,11,0.0,0.0,0.999245341996688,0.6663831632411459,1.5986111336279922,1.601250860690135,-0.09336496675988526,-0.012777013132630076,2.5297504585532553,False,
zero_action,0,12,0.0,0.0,0.9992725889504047,0.666392967464545,1.5976774839603933,1.6011230905588087,-0.09172015936801961,-0.013534564343496522,2.356948915047211,False,
zero_action,0,13,0.0,0.0,0.9992991130108144,0.666402409731651,1.596760282366713,1.6009877449153738,-0.09017808452558199,-0.014201222582122542,2.2080151893703808,False,
zero_action,0,14,0.0,0.0,0.9993249295956484,0.6664115035705821,1.5958585015214573,1.6008457326895524,-0.08872714789161011,-0.014782257161420764,2.0783225813015243,False,
zero_action,0,15,0.0,0.0,0.9993500522719253,0.6664202607411014,1.5949712300425412,1.6006979101179382,-0.08735860971710235,-0.015282524770624315,1.964367970458638,False,
zero_action,0,16,0.0,0.0,0.9993744934818366,0.6664286916405129,1.5940976439453702,1.6005450848702318,-0.08606572826034421,-0.015706528703726127,1.8634501761454845,False,
zero_action,0,17,0.0,0.0,0.9993982650139924,0.66643680558883,1.5932369866627667,1.6003880195831945,-0.08484317085602193,-0.016058463160576398,1.7734528487387407,False,
zero_action,0,18,0.0,0.0,0.9994213783044467,0.6664446110318727,1.5923885549542065,1.6002274349515888,-0.08368660848035356,-0.016342247108980783,1.6926942864618784,False,
zero_action,0,19,0.0,0.0,0.9994438446243223,0.6664521156881733,1.591551688869403,1.600064012480499,-0.08259243613116674,-0.016561550801036617,1.6198212803986545,False,
zero_action,0,20,0.0,0.0,0.9994656751922436,0.6664593266570641,1.5907257645080914,1.5998983969724887,-0.08155757949278243,-0.01671981707713454,1.5537326278695887,False,
zero_action,0,21,0.0,0.0,0.999486881237248,0.6664662504996512,1.5899101887131637,1.5997311988017173,-0.08057936079680887,-0.01682027893093766,1.4935230694291,False,
zero_action,0,22,0.0,0.0,0.999507474029401,0.6664728933005976,1.5891043951051955,1.599562996012408,-0.07965540531637391,-0.01686597435473821,1.4384415571370854,False,
zero_action,0,23,0.0,0.0,0.9995274648896442,0.6664792607161091,1.5883078410520317,1.5993943362688607,-0.07878357577404713,-0.01685975917248197,1.387859754114372,False,
zero_action,0,24,0.0,0.0,0.9995468651865833,0.6664853580118224,1.5875200052942913,1.599225738677136,-0.07796192594698202,-0.016804318353113506,1.3412479534464785,False,
zero_action,0,25,0.0,0.0,0.999565686325337,0.666491190093154,1.5867403860348215,1.5990576954936049,-0.0771886674954913,-0.01670217614923349,1.2981564544637443,False,
zero_action,0,26,0.0,0.0,0.9995839397318416,0.6664967615299056,1.5859684993598666,1.5988906737321125,-0.07646214592016126,-0.01655570530440642,1.2582010058493218,False,
zero_action,0,27,0.0,0.0,0.9996016368348392,0.6665020765763916,1.585203877900665,1.5987251166790684,-0.07578082283968748,-0.016367135502401167,1.221051315775636,False,
zero_action,0,28,0.0,0.0,0.9996187890469984,0.6665071391880124,1.5844460696722682,1.5985614453240444,-0.07514326266325758,-0.016138561183289317,1.186421900672847,False,
zero_action,0,29,0.0,0.0,0.9996354077460942,0.6665119530349394,1.5836946370456355,1.5984000597122114,-0.07454812233522973,-0.015871948817868867,1.1540647354648852,False,max_steps
constant_+0.02,0,0,0.02,0.002,0.9988823993292852,0.6662411948917544,1.6106804494796603,1.6018185034759445,-0.11590694867850082,0.004033724143159793,20.383098842957846,False,
constant_+0.02,0,1,0.02,0.0038000000000000004,0.9989174021587576,0.6662559592436603,1.6095213799928754,1.601858840717376,-0.07952454431486469,0.0018549601533459099,12.006293604991985,False,
constant_+0.02,0,2,0.02,0.00542,0.9989413749381258,0.6662659245687299,1.6087261345497268,1.6018773903189094,-0.03971561546909497,0.00029514960568832196,8.576821314822462,False,
constant_+0.02,0,3,0.02,0.006878,0.9989534391225688,0.6662708878718713,1.6083289783950359,1.6018803418149663,0.0008226589942739101,-0.0006392358498282255,6.697560520029026,False,
constant_+0.02,0,4,0.02,0.0081902,0.9989533831046996,0.6662708511787676,1.6083372049849787,1.601873949456468,0.040414799313289444,-0.0009789501489183565,5.508645141400534,False,
constant_+0.02,0,5,0.02,0.00937118,0.9989413138223528,0.6662658691856354,1.6087413529781116,1.6018641599549788,0.07806901717876266,-0.0007763307723904201,4.68789009670684,False,
constant_+0.02,0,6,0.02,0.010434062,0.9989174574134793,0.666255975986719,1.6095220431498993,1.6018563966472548,0.11324645985801288,-9.476125005980203e-05,4.086855016235241,False,
constant_+0.02,0,7,0.02,0.0113906558,0.9988820526484004,0.6662411573659851,1.6106545077484795,1.601855449034754,0.14570424350507163,0.0009982609920958655,3.6274876381217025,False,
constant_+0.02,0,8,0.02,0.01225159022,0.9988352998192401,0.6662213472463915,1.6121115501835301,1.601865431644675,0.1753891800868531,0.00243553470168519,3.264851429329899,False,
constant_+0.02,0,9,0.02,0.013026431198,0.9987773413335547,0.6661964354430236,1.6138654419843987,1.601889786991692,0.20236624275067527,0.004152830114872347,2.9712209507929814,False,
constant_+0.02,0,10,0.02,0.0137237880782,0.9987082593959632,0.6661662794545127,1.6158891044119055,1.6019313152928407,0.2267707629022387,0.0060903951066457775,2.728556976441669,False,
constant_+0.02,0,11,0.02,0.014351409270379999,0.9986280820706597,0.6661307164802404,1.6181568120409278,1.6019922192439071,0.24877678465926775,0.008193691285376366,2.5246152975055094,False,
constant_+0.02,0,12,0.02,0.014916268343341999,0.9985367927246062,0.6660895738840684,1.6206445798875204,1.6020741561567609,0.26857637889610236,0.01041363636441259,2.3507909729174234,False,
constant_+0.02,0,13,0.02,0.015424641509007799,0.9984343401165726,0.666042677463135,1.6233303436764814,1.602178292520405,0.28636635988004755,0.012706540626251539,2.2008584217231704,False,
constant_+0.02,0,14,0.02,0.01588217735810702,0.9983206477461143,0.6659898574765782,1.6261940072752818,1.6023053579266675,0.30233997683214325,0.015033862845615753,2.0702011649334615,False,
constant_+0.02,0,15,0.02,0.01629395962229632,0.998195621856211,0.6659309526704016,1.6292174070436032,1.6024556965551238,0.3166819278155308,0.017361867816528802,1.9553227144392795,False,
constant_+0.02,0,16,0.02,0.016664563660066686,0.9980591579164367,0.6658658126406283,1.6323842263217585,1.602629315233289,0.32956557394238567,0.01966123821265058,1.853525751103643,False,
constant_+0.02,0,17,0.02,0.016998107294060018,0.9979111456401368,0.6657942988905494,1.6356798820611824,1.6028259276154155,0.3411515943144326,0.02190667378945158,1.762695696152756,False,
constant_+0.02,0,18,0.02,0.017298296564654016,0.9977514726954984,0.6657162849072233,1.6390913980043267,1.60304499435331,0.35158756919198514,0.024076497903205176,1.681151076115539,False,
constant_+0.02,0,19,0.02,0.017568466908188612,0.9975800273090296,0.6656316555341266,1.6426072736962465,1.6032857593323422,0.36100814703354067,0.026152282832162897,1.6075378000709488,False,
constant_+0.02,0,20,0.02,0.01781162021736975,0.9973966999621394,0.6655403058651126,1.646217355166582,1.6035472821606638,0.36953556527985704,0.028118499943969102,1.5407530080555962,False,
constant_+0.02,0,21,0.02,0.018030458195632777,0.9972013843655395,0.6654421398365034,1.6499127108193805,1.6038284671601035,0.37728037221713256,0.02996219733322789,1.479889264059689,False,
constant_+0.02,0,22,0.02,0.0182274123760695,0.996993977872588,0.665337068652127,1.6536855145415519,1.6041280891334357,0.3843422496675381,0.031672705457909074,1.4241930173811195,False,
constant_+0.02,0,23,0.02,0.01840467113846255,0.9967743814672,0.6652250091411753,1.6575289370382273,1.604444816188015,0.3908108716268145,0.033241370066191156,1.3730332459340058,False,
constant_+0.02,0,24,0.02,0.018564204024616296,0.9965424994375786,0.6651058821205873,1.6614370457544956,1.6047772298886769,0.39676675775677167,0.03466131101652838,1.3258774806726004,False,
constant_+0.02,0,25,0.02,0.018707783622154667,0.9962982388251655,0.6649796108114887,1.6654047133320633,1.6051238429988421,0.40228209656431707,0.03592720524945403,1.282273258031593,False,
constant_+0.02,0,26,0.02,0.0188370052599392,0.9960415087193609,0.6648461193421199,1.6694275342977065,1.6054831150513367,0.40742152368988654,0.037035092037243415,1.2418336168261432,False,
constant_+0.02,0,27,0.02,0.01895330473394528,0.9957722194527375,0.6647053313567417,1.6735017495346054,1.6058534659717092,0.412242847709325,0.03798219863162731,1.20422564526428,False,
constant_+0.02,0,28,0.02,0.019057974260550753,0.9954902817384476,0.6645571687404255,1.6776241780116987,1.6062332879580254,0.41679772039556284,0.03876678449595138,1.169161353893691,False,
constant_+0.02,0,29,0.02,0.019152176834495677,0.9951956057809463,0.6644015504626823,1.6817921552156543,1.606620955802985,0.4211322512857518,0.03938800241251971,1.1363903405630722,False,max_steps
constant_-0.02,0,0,-0.02,-0.002,0.9988823993292852,0.6662411948917544,1.6106804494796603,1.6018185034759445,-0.15173844033266523,0.004002964597257075,20.38223875403993,False,
constant_-0.02,0,1,-0.02,-0.0038000000000000004,0.9989285044363889,0.6662605651445025,1.6091630650763336,1.601858533121917,-0.17178822127676313,0.0013027975178808025,12.004260049603118,False,
constant_-0.02,0,2,-0.02,-0.00542,0.9989804992478503,0.6662819031996197,1.6074451828635659,1.601871561097096,-0.19898841202960302,-0.0015022767091116907,8.573469814820651,False,
constant_-0.02,0,3,-0.02,-0.006878,0.9990399870072231,0.6663057027873852,1.6054552987432698,1.6018565383300047,-0.2295453560184176,-0.004491799444666567,6.692837099707237,False,
constant_-0.02,0,4,-0.02,-0.0081902,0.9991071622961757,0.6663318037951036,1.6031598451830855,1.6018116203355581,-0.2610284887375592,-0.007690226057419026,5.502624064168461,False,
constant_-0.02,0,5,-0.02,-0.00937118,0.9991812829853635,0.6663596171155577,1.6005495602957098,1.601734718074984,-0.2919233109108096,-0.01108856214579167,4.680665117729918,False,
constant_-0.02,0,6,-0.02,-0.010434062,0.9992610054695085,0.6663882866305757,1.5976303271866017,1.601623832453526,-0.32132699634064954,-0.014658669138335852,4.078523386594198,False,
constant_-0.02,0,7,-0.02,-0.0113906558,0.9993446247671682,0.6664168070139944,1.5944170572231953,1.6014772457621425,-0.34874172100202605,-0.018362526135028496,3.618193114041521,False,
constant_-0.02,0,8,-0.02,-0.01225159022,0.9994302456758364,0.6664441084256034,1.590929640013175,1.6012936205007922,-0.3739347191345895,-0.022158093054896324,3.254726140191374,False,
constant_-0.02,0,9,-0.02,-0.013026431198,0.9995159030663887,0.6664691158544859,1.587190292821829,1.6010720395702431,-0.39684380228641564,-0.026002921713588242,2.9603861719164213,False,
constant_-0.02,0,10,-0.02,-0.0137237880782,0.9995996445293649,0.6664907891033378,1.583221854798965,1.6008120103531072,-0.41751380689709217,-0.0298562964731156,2.717123896206549,False,
constant_-0.02,0,11,-0.02,-0.014351409270379999,0.9996795852854378,0.6665081481972701,1.579046716729994,1.600513447388376,-0.4360540586370646,-0.033680428285203526,2.512683744648567,False,
constant_-0.02,0,12,-0.02,-0.014916268343341999,0.9997539428537217,0.6665202880326845,1.5746861761436233,1.600176643105524,-0.452610102949978,-0.03744104838772074,2.3384492459730737,False,
constant_-0.02,0,13,-0.02,-0.015424641509007799,0.9998210571304861,0.6665263852662396,1.5701600751141236,1.5998022326216468,-0.46734510710716304,-0.04110762793780976,2.1881837781017,False,
constant_-0.02,0,14,-0.02,-0.01588217735810702,0.9998794001132003,0.6665256997598556,1.565486624043052,1.5993911563422687,-0.4804278070533031,-0.04465336998836515,2.0572606671584968,False,
constant_-0.02,0,15,-0.02,-0.01629395962229632,0.9999275784152473,0.6665175723364196,1.560682345972519,1.5989446226423851,-0.49202487125120864,-0.04805506765009215,1.9421742356450395,False,
constant_-0.02,0,16,-0.02,-0.016664563660066686,0.9999643308853331,0.6665014201514341,1.5557620972600068,1.5984640719658842,-0.5022962334846806,-0.05129288801334937,1.84021901642022,False,
constant_-0.02,0,17,-0.02,-0.016998107294060018,0.9999885230170823,0.666476730633831,1.55073913492516,1.5979511430857507,-0.5113924093287645,-0.0543501192375035,1.7492732875978272,False,
constant_-0.02,0,18,-0.02,-0.017298296564654016,0.999999139363341,0.6664430546786408,1.5456252108318724,1.5974076418933756,-0.5194531262297244,-0.05721290397449977,1.6676493622257247,False,
constant_-0.02,0,19,-0.02,-0.017568466908188612,0.9999952748197869,0.6663999995696421,1.5404306795695752,1.5968355128536307,-0.5266068120421029,-0.05986997320215057,1.593987772859702,False,
constant_-0.02,0,20,-0.02,-0.01781162021736975,0.9999761253844613,0.6663472219576507,1.5351646114491542,1.5962368131216091,-0.5329706334845626,-0.06231238877604998,1.5271810228913203,False,
constant_-0.02,0,21,-0.02,-0.018030458195632777,0.9999409788110188,0.6662844211079961,1.5298349051143085,1.5956136892338486,-0.5386508760575591,-0.06453329937664484,1.4663176855545237,False,
constant_-0.02,0,22,-0.02,-0.0182274123760695,0.99988920543629,0.666211332549381,1.524448396353733,1.5949683562400823,-0.5437435253027448,-0.06652771225855854,1.410640778344193,False,
constant_-0.02,0,23,-0.02,-0.01840467113846255,0.9998202493638075,0.6661277221981718,1.5190109611007054,1.5943030791174966,-0.5483349559390549,-0.06829228180582207,1.3595163282092648,False,
constant_-0.02,0,24,-0.02,-0.018564204024616296,0.9997336201141787,0.6660333809913023,1.513527611541315,1.5936201562994383,-0.5525026672396994,-0.069825115040631,1.312409327131699,False,
constant_-0.02,0,25,-0.02,-0.018707783622154667,0.9996288848031055,0.6659281200328822,1.508002584868918,1.592921905149032,-0.5563160246955041,-0.07112559372137689,1.2688651246945504,False,
constant_-0.02,0,26,-0.02,-0.0188370052599392,0.9995056608728409,0.6658117662408735,1.502439424621963,1.5922106492118182,-0.5598369827392826,-0.07219421236900035,1.2284948733940613,False,
constant_-0.02,0,27,-0.02,-0.01895330473394528,0.9993636093788272,0.6656841584682478,1.49684105479457,1.5914887070881283,-0.5631207732700247,-0.07303243139774504,1.190964031488511,False,
constant_-0.02,0,28,-0.02,-0.019057974260550753,0.9992024288171425,0.6655451440659607,1.4912098470618698,1.590758382774151,-0.5662165514129879,-0.07364254444604384,1.1559831983041393,False,
constant_-0.02,0,29,-0.02,-0.019152176834495677,0.9990218494679544,0.6653945758514547,1.48554768154774,1.5900219573296905,-0.5691679944102321,-0.0740275589736533,1.1233007472078103,False,max_steps
constant_+0.05,0,0,0.05,0.005000000000000001,0.9988823993292852,0.6662411948917544,1.6106804494796603,1.6018185034759445,-0.08903332993787752,0.004056793802586833,20.381948264118417,False,
constant_+0.05,0,1,0.05,0.009500000000000001,0.9989090378098562,0.6662524767538113,1.6097901161802814,1.6018590714139702,-0.01032827383433449,0.0022693798238091795,12.00520446380565,False,
constant_+0.05,0,2,0.05,0.013550000000000003,0.9989115475534013,0.6662535820736484,1.609686833441938,1.6018817652122084,0.07972106805931888,0.001648005820498345,8.574717906207617,False,
constant_+0.05,0,3,0.05,0.017195000000000002,0.9988860763194649,0.6662429734121964,1.6104840441225312,1.6018982452704134,0.17353053141699115,0.0022695061875141003,6.693208200826403,False,
constant_+0.05,0,4,0.05,0.0204755,0.9988300366270818,0.6662192858609555,1.6122193494367012,1.6019209403322885,0.2663277312287944,0.004104992006039303,5.500886789177827,False,
constant_+0.05,0,5,0.05,0.023427950000000003,0.9987411387438409,0.6661809154953493,1.614882626748989,1.601961990252349,0.3552268893607176,0.007063950706568032,4.6758394187173815,False,
constant_+0.05,0,6,0.05,0.026085155000000002,0.9986169283986625,0.6661258947712932,1.6184348956425962,1.6020326297594147,0.43859564349743113,0.011024395683760934,4.069965396506275,False,
constant_+0.05,0,7,0.05,0.0284766395,0.9984546235931464,0.6660519222697816,1.6228208520775707,1.6021428737162524,0.5156240573229435,0.01585246266319711,3.60557905791547,False,
constant_+0.05,0,8,0.05,0.03062897555,0.99825111179747,0.6659564605602346,1.6279770926508002,1.6023013983428844,0.5860331492546728,0.021414324809097076,3.2379871778720872,False,
constant_+0.05,0,9,0.05,0.032566077995,0.9980030214532097,0.6658368519684528,1.6338374241433469,1.6025155415909753,0.6498790747095854,0.027582819630384746,2.9396317789272337,False,
constant_+0.05,0,10,0.05,0.0343094701955,0.9977068181393101,0.6656904261568848,1.6403362148904428,1.602791369787279,0.7074224471235321,0.034240648900392766,2.6925738771298424,False,
constant_+0.05,0,11,0.05,0.03587852317595,0.9973588990997676,0.6655145881357106,1.6474104393616782,1.603133776276283,0.7590417530914351,0.04128150000459183,2.4846160512014452,False,
constant_+0.05,0,12,0.05,0.037290670858355,0.9969556739212959,0.6653068836078888,1.6550008568925925,1.603546591276329,0.8051764715905346,0.04861000473662806,2.30716365079936,False,
constant_+0.05,0,13,0.05,0.03856160377251951,0.9964936271740521,0.665065042809525,1.6630526216084978,1.6040326913236953,0.8462901284219045,0.05614112102510783,2.1539785471910915,False,
constant_+0.05,0,14,0.05,0.039705443395267555,0.9959693630813787,0.6647870058980899,1.6715155228927168,1.6045941025339463,0.8828466907370996,0.06379928832795956,2.020418790410544,False,
constant_+0.05,0,15,0.05,0.0407348990557408,0.9953796342938577,0.6644709335212036,1.6803439898000878,1.605232095417226,0.9152958661456005,0.07151755049271274,1.9029561960886328,False,
constant_+0.05,0,16,0.05,0.04166140915016672,0.9947213575788393,0.6641152061033297,1.6894969484615439,1.605947270922153,0.9440643299822226,0.07923674071428354,1.7988597852689423,False,
constant_+0.05,0,17,0.05,0.04249526823515005,0.9939916192921658,0.6637184149821992,1.698937591761366,1.6067396383292958,0.9695508850099506,0.08690476430580907,1.705981906423828,False,
constant_+0.05,0,18,0.05,0.04324574141163504,0.9931876732247304,0.6632793480121386,1.7086331006114654,1.607608685972354,0.9921242147940847,0.09447598270362595,1.6226100104048982,False,
constant_+0.05,0,19,0.05,0.04392116727047154,0.992306933012494,0.6627969717324679,1.7185543427594063,1.6085534457993902,1.0121223313705336,0.10191068658302048,1.547361608904607,False,
constant_+0.05,0,20,0.05,0.04452905054342438,0.991346960872775,0.6622704117257922,1.7286755660731117,1.6095725526652205,1.0298531117291905,0.1091746403729628,1.4791083570921175,False,
constant_+0.05,0,21,0.05,0.04507614548908195,0.9903054540360495,0.6616989323834103,1.7389740971904035,1.6106642990689501,1.045595514571148,0.11623868034695846,1.4169202195683297,False,
constant_+0.05,0,22,0.05,0.045568530940173754,0.9891802299040827,0.6610819169572691,1.749430052336115,1.6118266858724197,1.0596012012267022,0.12307835100573038,1.3600237621493427,False,
constant_+0.05,0,23,0.05,0.04601167784615638,0.9879692106877478,0.6604188485060751,1.760026064348382,1.613057469382477,1.0720963741249792,0.12967356795972107,1.307770556865587,False,
constant_+0.05,0,24,0.05,0.04641051006154075,0.9866704080583001,0.6597092921299006,1.7707470280896318,1.6143542050620743,1.0832837070877392,0.13600829901840214,1.2596129437692003,False,
constant_+0.05,0,25,0.05,0.046769459055386674,0.9852819081770638,0.6589528787242951,1.7815798651605093,1.6157142880522584,1.093344283433068,0.14207025822968006,1.2150852221175117,False,
constant_+0.05,0,26,0.05,0.047092513149848005,0.9838018573420361,0.6581492903629633,1.7925133079948399,1.6171349906345551,1.1024394866643215,0.14785061000767807,1.173788901286876,False,
constant_+0.05,0,27,0.05,0.0473832618348632,0.9822284483975374,0.6572982473296356,1.8035377028614832,1.618613496734632,1.1107128085181337,0.15334368222820258,1.135381023772257,False,
constant_+0.05,0,28,0.05,0.04764493565137688,0.980559907987311,0.656399496757892,1.8146448309466645,1.620146933556914,1.118291553098736,0.15854668833084296,1.0995648384945875,False,
constant_+0.05,0,29,0.05,0.04788044208623919,0.9787944846860758,0.6554528027964941,1.8258277464776518,1.6217324004402225,1.1252884255729632,0.1634594591526347,1.0660822904234923,False,max_steps
constant_-0.05,0,0,-0.05,-0.005000000000000001,0.9988823993292852,0.6662411948917544,1.6106804494796603,1.6018185034759445,-0.17861205907328853,0.00397989493783003,20.379819029938393,False,
constant_-0.05,0,1,-0.05,-0.009500000000000001,0.9989367935059819,0.6662639915055937,1.6088943288889275,1.6018583024253228,-0.24098746623908057,0.0008889732351463988,12.000210847240725,False,
constant_-0.05,0,2,-0.05,-0.013550000000000003,0.9990093583999076,0.6662935286207385,1.6064844542265366,1.6018671921576741,-0.31846052878603665,-0.0028458152421641427,8.56663900328232,False,
constant_-0.05,0,3,-0.05,-0.017195000000000002,0.99910244649175,0.6663300100652425,1.6032998489386763,1.6018387340052525,-0.40238471328445924,-0.007365022385906439,6.682193329331884,False,
constant_-0.05,0,4,-0.05,-0.0204755,0.9992144858174776,0.6663716626118088,1.5992760018058316,1.6017650837813935,-0.48725523863330306,-0.01268989928634388,5.487406933820328,False,
constant_-0.05,0,5,-0.05,-0.023427950000000003,0.999341062606852,0.666415264139544,1.5944034494194985,1.6016381847885302,-0.5696674646596303,-0.01877499217020101,4.6604668556546045,False,
constant_-0.05,0,6,-0.05,-0.026085155000000002,0.999475794021041,0.6664566039444455,1.5887067747729022,1.6014504348668281,-0.647611547431691,-0.02554170432941396,4.0532607422989475,False,
constant_-0.05,0,7,-0.05,-0.0284766395,0.9996110308132053,0.6664908747011042,1.5822306592985853,1.601195017823534,-0.7199972528757091,-0.032898461548966695,3.588027933901442,False,
constant_-0.05,0,8,-0.05,-0.03062897555,0.9997384103499197,0.6665129918510189,1.5750306867698283,1.6008660332080442,-0.7863349753931791,-0.040751960826556036,3.219977006735907,False,
constant_-0.05,0,9,-0.05,-0.032566077995,0.9998492783199543,0.6665178416050579,1.5671673370158965,1.6004585135997786,-0.8465221182621934,-0.04901281596507261,2.921453595505491,False,
constant_-0.05,0,10,-0.05,-0.0343094701955,0.9999349985369441,0.6665004638646939,1.5587021158332746,1.5999683854401279,-0.9007002536710093,-0.057597905511090654,2.674436053556109,False,
constant_-0.05,0,11,-0.05,-0.03587852317595,0.9999871705141549,0.6664561792108311,1.5496951132965644,1.599392406385017,-0.9491597314140945,-0.06643093832648148,2.4666614451718685,False,
constant_-0.05,0,12,-0.05,-0.037290670858355,0.9999977734115747,0.6663806699759223,1.5402035159824234,1.5987280970017521,-0.9922760864193854,-0.07544217600714366,2.2894857802306228,False,
constant_-0.05,0,13,-0.05,-0.03856160377251951,0.9999592529371261,0.6662700250297062,1.5302807551182296,1.5979736752416807,-1.0304677851131432,-0.08456785528218815,2.13663506759671,False,
constant_-0.05,0,14,-0.05,-0.039705443395267555,0.9998645653323771,0.6661207568787283,1.519976077267098,1.5971279966888587,-1.0641683302195069,-0.09374959523197401,2.0034419794505562,False,
constant_-0.05,0,15,-0.05,-0.0407348990557408,0.9997071900651451,0.6659297984025614,1.5093343939649029,1.596190500736539,-1.0938080636913767,-0.10293391479256984,1.886360774177275,False,
constant_-0.05,0,16,-0.05,-0.04166140915016672,0.9994811205128147,0.6656944852525172,1.4983963133279892,1.5951611615886132,-1.1198025488289112,-0.1120718942199277,1.7826485922264261,False,
constant_-0.05,0,17,-0.05,-0.04249526823515005,0.999180839862979,0.6654125287367076,1.4871982878397,1.5940404426464139,-1.1425454347066941,-0.12111896651817528,1.690149945975512,False,
constant_-0.05,0,18,-0.05,-0.04324574141163504,0.9988012877203167,0.6650819829577644,1.4757728334926332,1.592829252981232,-1.1624043837295703,-0.13003480459676958,1.6071472928499861,False,
constant_-0.05,0,19,-0.05,-0.04392116727047154,0.9983378214855961,0.6647012090697492,1.4641487896553376,1.5915289049352643,-1.1797190934702046,-0.1387832656697595,1.532255126962886,False,
constant_-0.05,0,20,-0.05,-0.04452905054342438,0.997786175436975,0.6642688387741117,1.4523515987206355,1.5901410722785667,-1.1948007446421909,-0.1473323585868522,1.4643434446941823,False,
constant_-0.05,0,21,-0.05,-0.04507614548908195,0.9971424195580332,0.6637837385679133,1.4404035912742135,1.5886677486926981,-1.2079324094603776,-0.15565420760256213,1.4024814750643282,False,
constant_-0.05,0,22,-0.05,-0.045568530940173754,0.9964029194814126,0.6632449757744953,1.4283242671796097,1.5871112066166726,-1.219370092426239,-0.16372499468671373,1.3458956657564303,False,
constant_-0.05,0,23,-0.05,-0.04601167784615638,0.995564298413293,0.662651787010144,1.4161305662553474,1.5854739566698055,-1.2293441707377637,-0.17152487029987337,1.2939378743746361,False,
constant_-0.05,0,24,-0.05,-0.04641051006154075,0.9946234015376146,0.6620035494533507,1.4038371245479697,1.5837587079668067,-1.2380610683394995,-0.1790378288911526,1.2460609814118198,False,
constant_-0.05,0,25,-0.05,-0.046769459055386674,0.9935772631399611,0.6612997550704183,1.3914565138645747,1.5819683296778952,-1.245705045346123,-0.18625155003547494,1.2017999782630704,False,
constant_-0.05,0,26,-0.05,-0.047092513149848005,0.9924230765141243,0.6605399877983791,1.3789994634111136,1.5801058141775406,-1.2524400191859602,-0.1931572092203496,1.1607571470885316,False,
constant_-0.05,0,27,-0.05,-0.0473832618348632,0.9911581665989097,0.6597239035810456,1.366475063219254,1.578174242085337,-1.2584113592298611,-0.19974926406923893,1.1225903353596516,False,
constant_-0.05,0,28,-0.05,-0.04764493565137688,0.9897799652221961,0.6588512130859019,1.3538909496269553,1.5761767494446446,-1.2637476154831524,-0.20602522254721414,1.0870035966226463,False,
constant_-0.05,0,29,-0.05,-0.04788044208623919,0.9882859887907217,0.6579216668894833,1.3412534734721238,1.5741164972191724,-1.2685621558741753,-0.21198539972236422,1.05373965878173,False,max_steps
actor_deterministic,0,0,0.028074588626623154,0.0028074588626623154,0.9988823993292852,0.6662411948917544,1.6106804494796603,1.6018185034759445,-0.10867383480385936,0.00403993341014745,20.38293911755264,False,
actor_deterministic,0,1,0.02791651524603367,0.005318364500999451,0.9989151540428888,0.6662550242871457,1.6095937111316216,1.6018589028100458,-0.06104169056198658,0.0019663771214881846,12.006226029422628,False,
actor_deterministic,0,2,0.027752047404646873,0.007561732791364194,0.9989334312984461,0.6662626508105969,1.6089832942260018,1.6018785665812607,-0.00807946700084252,0.0006566303649533625,8.576660345338274,False,
actor_deterministic,0,3,0.027605172246694565,0.00956607673689723,0.9989357168655063,0.666263609879933,1.6089024995559935,1.6018851328849102,0.04617284360407734,0.00013255636698060913,6.697079536610248,False,
actor_deterministic,0,4,0.027546146884560585,0.011364083751663565,0.9989214191419357,0.666257697157032,1.6093642279920344,1.60188645844858,0.09927841998198714,0.0003598814720180261,5.507630113353071,False,
actor_deterministic,0,5,0.02760240249335766,0.012987915625832975,0.9988903295596534,0.6662447356821616,1.6103570121918542,1.6018900572633001,0.14989086911145993,0.0012726707429649422,4.6861391563185,False,
actor_deterministic,0,6,0.027721242979168892,0.014461248361166567,0.9988423173863631,0.6662244688190544,1.6118559208829688,1.6019027839707298,0.1973301893655113,0.0027900329792899933,4.084196256142221,False,
actor_deterministic,0,7,0.02789628878235817,0.015804752403285726,0.9987771876242778,0.6661965309503116,1.613829222776624,1.6019306843005228,0.2413417562129727,0.004826309935479286,3.6238326443937807,False,
actor_deterministic,0,8,0.02805381827056408,0.01702965899001356,0.9986946200041686,0.666160451833109,1.6162426403387538,1.6019789473998776,0.2818738925379391,0.007297306108039418,3.2601443332562337,False,
actor_deterministic,0,9,0.02816075272858143,0.018142768363870347,0.9985941727860244,0.6661156840478202,1.619061379264133,1.602051920460958,0.3189716587155996,0.01012303853974764,2.965437915828472,False,
actor_deterministic,0,10,0.02822827734053135,0.01915131926153645,0.9984753128769926,0.666061636830587,1.622251095851289,1.6021531508463556,0.35274843272432455,0.013228820290768451,2.7217021853428087,False,
actor_deterministic,0,11,0.02824053168296814,0.02006024050367962,0.9983374461604321,0.6659977051740834,1.6257785801785323,1.6022854390492633,0.38334201839205106,0.01654578768031727,2.5167174136787867,False,
actor_deterministic,0,12,0.02826801687479019,0.020881018140790675,0.9981799540872464,0.6659232975839952,1.6296120003624528,1.6024508969260665,0.41096417501440907,0.020010935885626854,2.3418912538937393,False,
actor_deterministic,0,13,0.02832227200269699,0.021625143526981305,0.998002200878009,0.6658378460415272,1.6337216421125969,1.6026510062849226,0.43587525483020517,0.023567773080535512,2.191005697711005,False,
actor_deterministic,0,14,0.028399506583809853,0.02230257983266416,0.9978035364693022,0.6657408098695514,1.6380803946608988,1.602886684015728,0.45835324620721707,0.02716658137517457,2.059446927845259,False,
actor_deterministic,0,15,0.028444988653063774,0.02291682071470412,0.9975833001101919,0.6656316769277081,1.642663927122971,1.60315834982948,0.47862899108242796,0.030764043590467464,1.9437227322604547,False,
actor_deterministic,0,16,0.02844925783574581,0.02347006442680829,0.9973408456879035,0.6655099742776294,1.6474502170337952,1.6034659902653845,0.49688883080943935,0.0343221122854912,1.841138593101054,False,
actor_deterministic,0,17,0.02845711261034012,0.023968769245161472,0.9970755658414603,0.6653752780763914,1.6524191053418897,1.6038092113882394,0.5133257847337855,0.037807288241199735,1.7495778363627483,False,
actor_deterministic,0,18,0.02840009517967701,0.024411901838613026,0.9967868899099873,0.6652272095558582,1.6575523631892275,1.6041872842706515,0.528070164462406,0.04118999836298012,1.6673642326428473,False,
actor_deterministic,0,19,0.028319407254457474,0.024802652380197472,0.9964743156236756,0.6650654487117054,1.6628330648338516,1.6045991842542813,0.5412465695358354,0.044443736393634116,1.5931435537231393,False,
actor_deterministic,0,20,0.028233209624886513,0.025145708104666376,0.9961374135315114,0.6648897337989441,1.6682455305292099,1.6050436216182176,0.5529881440684679,0.04754497193641392,1.5258117590442373,False,
actor_deterministic,0,21,0.028112374246120453,0.025442374718811785,0.9957758206135742,0.6646998547452907,1.6737754119698947,1.6055190713375818,0.5634033916906938,0.05047282386211034,1.4644627972705533,False,
actor_deterministic,0,22,0.027990320697426796,0.025697169316673287,0.9953892512990585,0.6644956560587714,1.6794094458868016,1.6060237995762028,0.5726115937779382,0.05320895947079531,1.4083401931962223,False,
actor_deterministic,0,23,0.027847036719322205,0.02591215605693818,0.9949774863809073,0.6642770276723582,1.685135561824581,1.6065558891709106,0.5807172069452896,0.055737377553765455,1.3568122782696532,False,
actor_deterministic,0,24,0.027697322890162468,0.02609067274026061,0.9945403760173586,0.6640439036829369,1.6909427338940337,1.6071132629464482,0.5878250877995044,0.05804431604701821,1.3093437480060288,False,
actor_deterministic,0,25,0.027503255754709244,0.026231931041705472,0.9940778322592998,0.6637962554497694,1.6968209847720288,1.6076937061069183,0.594004176709557,0.06011751236416123,1.2654834665381798,False,
actor_deterministic,0,26,0.027314387261867523,0.026340176663721678,0.9935898479704103,0.663534099854705,1.7027610265391244,1.60829488123056,0.59934203417882,0.0619465548344861,1.2248404376088986,False,
actor_deterministic,0,27,0.0271313413977623,0.02641929313712574,0.9930764773492221,0.6632574860982061,1.7087544468809126,1.6089143467789049,0.6039349858685363,0.06352310290074685,1.1870782074766344,False,
actor_deterministic,0,28,0.026966800913214684,0.026474043914734634,0.9925378196949154,0.6629664844440988,1.7147937967395979,1.6095495778079123,0.6078920020412043,0.0648412364334584,1.1519031783499687,False,
actor_deterministic,0,29,0.026776699349284172,0.026504309458189587,0.9919739966154849,0.6626611714533059,1.72087271676001,1.610197990172247,0.6112885672103209,0.06589640678892153,1.1190636204509974,False,max_steps
actor_plus_noise_0.10,0,0,0.20447982322338956,0.020447982322338958,0.9988823993292852,0.6662411948917544,1.6106804494796603,1.6018185034759445,0.04934773247626437,0.004175587032923934,20.35584272283744,False,
actor_plus_noise_0.10,0,1,0.06810682740052887,0.02521386683015795,0.998865456165612,0.6662341634329813,1.611173926804423,1.6018602593462736,0.22375963350287678,0.004320946055168335,11.99911640689463,False,
actor_plus_noise_0.10,0,2,0.12567179727105232,0.03525965987424739,0.9987918217152881,0.6662027739341245,1.6134115231394517,1.6019034688068252,0.4315861670248405,0.00683322336667701,8.550595026172807,False,
actor_plus_noise_0.10,0,3,0.2523874539043539,0.05697243927725804,0.9986437593925751,0.6661376747573006,1.6177273848097,1.601971801040492,0.7657501406995741,0.01215925250435705,6.623524482816016,False,
actor_plus_noise_0.10,0,4,0.21631831701559948,0.07290702705109219,0.9983599067698706,0.6660069004429114,1.6253848862166957,1.6020933935655355,1.132168000380123,0.021960468822349456,5.414971217241339,False,
actor_plus_noise_0.10,0,5,-0.06766964246456982,0.05884936009952599,0.9978888619451898,0.6657773657321138,1.636706566220497,1.602312998253759,1.2507373300487326,0.03617698097673157,4.601858536206321,False,
actor_plus_noise_0.10,0,6,0.12474186070218682,0.06543861015979208,0.9972930900027418,0.6654729465981777,1.6492139395209842,1.6026747680635263,1.3857105294479282,0.05175172246936029,3.9863973812315656,False,
actor_plus_noise_0.10,0,7,0.015188760597899736,0.06041362520360284,0.9965393127279908,0.665073668320824,1.6630710448154635,1.6031922852882199,1.4282571947048743,0.06843347680614595,3.529689212314261,False,
actor_plus_noise_0.10,0,8,0.019835669715329962,0.056355829654775556,0.995654927061715,0.6645936795858082,1.6773536167625123,1.6038766200562813,1.4175541277998038,0.08469095980441511,3.167407793104463,False,
actor_plus_noise_0.10,0,9,0.07117876637754733,0.05783812332705274,0.9946645209139979,0.6640483893607456,1.6915291580405103,1.6047235296543254,1.4199040733109722,0.10024062946458254,2.871656452134997,False,
actor_plus_noise_0.10,0,10,0.04457210999296558,0.05651152199364402,0.993556839555479,0.6634335071669065,1.70572819877362,1.6057259359489713,1.406944667068166,0.11486765168841039,2.6309371942207904,False,
actor_plus_noise_0.10,0,11,0.17543873823818765,0.06840424361809838,0.9923409309947603,0.6627563583826285,1.7197976454443016,1.6068746124658553,1.496455625214048,0.13132745636825313,2.411999852751867,False,
actor_plus_noise_0.10,0,12,0.10617467901968802,0.07218128715825735,0.9909208229997246,0.6619629007950799,1.7347622016964421,1.6081878870295379,1.5850565610775063,0.14949863714860756,2.23915122146789,False,
actor_plus_noise_0.10,0,13,0.04203643595280495,0.06916680203771211,0.9892703876760643,0.6610401841027276,1.7506127673072172,1.609682873401024,1.6161640286052668,0.1672149017461518,2.0904438528413407,False,
actor_plus_noise_0.10,0,14,0.07407041426139044,0.06965716326007994,0.98742462635198,0.6600117632824918,1.7667744075932699,1.6113550224184856,1.637720911924792,0.18486967081251227,1.9573482539238443,False,
actor_plus_noise_0.10,0,15,0.06294803143449298,0.06898625007752124,0.9853808359776107,0.6588793867357148,1.7831516167125179,1.6132037191266106,1.6436803136562608,0.2017632867930623,1.8424975907899188,False,
actor_plus_noise_0.10,0,16,0.17885700885322667,0.07997332595509178,0.9831476996362561,0.6576514770380563,1.7995884198490806,1.6152213519945413,1.7306143576534545,0.2243286766065899,1.7289752144069077,False,
actor_plus_noise_0.10,0,17,0.008842847464181097,0.07286027810600071,0.9806002520711457,0.6562605292294552,1.816894563425615,1.6174646387606073,1.7314846381755387,0.2422426855117496,1.6461017071814183,False,
actor_plus_noise_0.10,0,18,0.060358359013323364,0.07161008619673298,0.977836920652839,0.6547674018069513,1.8342094098073705,1.6198870656157247,1.7197531576100227,0.25850718763886316,1.5638841842140272,False,
actor_plus_noise_0.10,0,19,-0.0564523504104896,0.058803842536010724,0.9748723944268344,0.6531838715859555,1.8514069413834706,1.6224721374921134,1.6159273999874928,0.2631956229150894,1.4955095408182495,False,
actor_plus_noise_0.10,0,20,-0.22673107883959148,0.0302503503984505,0.9718745548261342,0.651603920827843,1.8675662153833454,1.6251040937212642,1.3411543077426142,0.24038373601973223,1.4307822202087854,False,
actor_plus_noise_0.10,0,21,0.09297062297057834,0.03652237765566328,0.9692139937838137,0.650223511612622,1.8809777584607716,1.6275079310814615,1.196135617729712,0.22501229502405853,1.392830622373004,False,
actor_plus_noise_0.10,0,22,0.114221336403399,0.044292273530436854,0.9667148528347932,0.6489404836181949,1.8929391146380687,1.629758054031702,1.1487113766448795,0.21967224470102925,1.3392396929567187,False,
actor_plus_noise_0.10,0,23,-0.046652069568653615,0.035197839220527806,0.9642102220320956,0.6476634246880737,1.9044262284045175,1.6319547764787123,1.05622297883075,0.20429302936546942,1.3003094315437365,False,
actor_plus_noise_0.10,0,24,0.25419887062095925,0.057097942360570954,0.9618170395982615,0.6464506071528394,1.914988458192825,1.633997706772367,1.1348081249132722,0.21776805710193833,1.2260175621082634,False,
actor_plus_noise_0.10,0,25,-0.11809825452106709,0.03957832267240715,0.9591560513611952,0.6451073765637994,1.9263365394419576,1.6361753873433864,1.0797185191389587,0.2065763508719932,1.203165604501994,False,
actor_plus_noise_0.10,0,26,0.031298323891199215,0.038750322794286356,0.9565355972282736,0.643790667521347,1.937133724633347,1.6382411508521064,1.0370234859799246,0.19571519781289948,1.1721381666666133,False,
actor_plus_noise_0.10,0,27,0.00787118928971877,0.0356624094438296,0.9539409956974848,0.6424911519854084,1.9475039594931463,1.6401983028302354,0.9894299411553572,0.18187447442700097,1.1396452836272837,False,
actor_plus_noise_0.10,0,28,0.17962619191171017,0.050058787690617654,0.9513990613773737,0.6412201666180649,1.9573982589046999,1.6420170475745053,1.043788102678397,0.19102164965187265,1.0870195859614136,False,
actor_plus_noise_0.10,0,29,0.17317425140208828,0.06237033406176472,0.9486386879104353,0.6398456108188662,1.9678361399314839,1.643927264071024,1.1570632345193799,0.21705331591819912,1.0463047896433009,False,max_steps
